UNDERGRAD_UNIVERSITY,UNDERGRAD_UNI_LOCATION,total_applicants
UNIVERSITY OF SANTO TOMAS,Local,18038
UNIVERSITY OF PERPETUAL HELP SYSTEM DALTA,Local,4528
FAR EASTERN UNIVERSITY,Local,4309
SAN PEDRO COLLEGE,Local,3644
SAINT LOUIS UNIVERSITY,Local,3221
CEBU DOCTOR'S UNIVERSITY,Local,2406
DE LA SALLE UNIVERSITY - MANILA,Local,2242
OUR LADY OF FATIMA UNIVERSITY (FATIMA MEDICAL SCIENCE FOUNDATION) - VALENZUELA,Local,2041
CENTRO ESCOLAR UNIVERSITY - MANILA,Local,2022
SOUTHWESTERN UNIVERSITY,Local,1841
ATENEO DE MANILA UNIVERSITY - QUEZON CITY,Local,1782
VELEZ COLLEGE,Local,1750
DE LA SALLE UNIVERSITY - DASMARIÑAS,Local,1724
DAVAO MEDICAL SCHOOL FOUNDATION,Local,1665
EMILIO AGUINALDO COLLEGE,Local,1577
AMA COMPUTER COLLEGE - MAKATI,Local,1519
ANGELES UNIVERSITY FOUNDATION,Local,1337
SILLIMAN UNIVERSITY,Local,1303
AGO MEDICAL AND EDUCATIONAL CENTER - BICOL CHRISTIAN COLLEGE OF MEDICINE,Local,1284
XAVIER UNIVERSITY,Local,1228
BROKENSHIRE COLLEGE,Local,1226
ATENEO DE ZAMBOANGA UNIVERSITY,Local,1172
FEU - DR. NICANOR REYES MEDICAL FOUNDATION,Local,1151
LYCEUM NORTHWESTERN UNIVERSITY,Local,1048
UNIVERSITY OF SAN AGUSTIN,Local,995
ATENEO DE DAVAO UNIVERSITY,Local,981
DE LA SALLE HEALTH SCIENCES INSTITUTE,Local,952
TRINITY UNIVERSITY OF ASIA,Local,897
MANILA CENTRAL UNIVERSITY,Local,837
ATENEO DE MANILA UNIVERSITY,Local,751
CENTRAL PHILIPPINE UNIVERSITY,Local,697
VIRGEN MILAGROSA UNIVERSITY FOUNDATION AND VMU INSTITUTE OF MEDICAL FOUNDATION,Local,697
ADVENTIST UNIVERSITY OF THE PHILIPPINES,Local,672
SAINT PAUL UNIVERSITY PHILIPPINES,Local,662
UNIVERSITY OF ST. LA SALLE,Local,629
UNIVERSITY OF THE IMMACULATE CONCEPTION,Local,601
VELEZ COLLEGE CEBU,Local,559
UNIVERSITY OF THE EAST RAMON MAGSAYSAY MEMORIAL MEDICAL CENTER,Local,555
UNIVERSITY OF SAN CARLOS,Local,551
SAN BEDA COLLEGE,Local,530
SAN PEDRO COLLEGE DAVAO CITY,Local,512
MANILA TYTANA COLLEGES,Local,485
ANGELES UNIVERSITY FOUNDATION ANGELES CITY,Local,481
CENTRO ESCOLAR UNIVERSITY - MAKATI,Local,472
DOÑA REMEDIOS TRINIDAD ROMUALDEZ MEDICAL FOUNDATION,Local,468
DE LA SALLE UNIVERSITY - DASMARIÑAS CAVITE,Local,456
DAVAO DOCTORS COLLEGE,Local,444
LICEO DE CAGAYAN UNIVERSITY,Local,428
FAR EASTERN UNIVERSITY - NRMF (FAIRVIEW Q.C.),Local,427
OUR LADY OF FATIMA UNIVERSITY - QUEZON CITY,Local,423
MINDANAO SANITARIUM AND HOSPITAL COLLEGE,Local,393
CENTRO ESCOLAR UNIVERSITY - MENDIOLA MANILA,Local,382
SAINT LOUIS UNIVERSITY - BAGUIO,Local,380
DE LA SALLE - LIPA,Local,365
UNIVERSITY OF THE EAST - MANILA,Local,352
XAVIER UNIVERSITY CAGAYAN DE ORO CITY,Local,349
UNIVERSITY OF BAGUIO,Local,346
UNIVERSIDAD DE ZAMBOANGA,Local,323
UNIVERSITY OF THE CORDILLERAS,Local,310
ST. PAUL UNIVERSITY ILOILO,Local,305
ILOILO DOCTORS COLLEGE,Local,303
UNIVERSIDAD DE STA. ISABEL,Local,302
RIVERSIDE COLLEGE,Local,301
MOUNTAIN VIEW COLLEGE,Local,294
UNIVERSITY OF NEGROS OCCIDENTAL-RECOLETOS,Local,277
NOTRE DAME UNIVERSITY,Local,277
MIRIAM COLLEGE,Local,257
UNIVERSITY OF THE VISAYAS,Local,254
ATENEO DE NAGA UNIVERSITY,Local,253
SAINT SCHOLASTICA'S COLLEGE TACLOBAN,Local,250
MEDICAL COLLEGES OF NORTHERN PHILIPPINES,Local,250
LYCEUM OF THE PHILIPPINES UNIVERSITY - BATANGAS,Local,249
OUR LADY OF FATIMA UNIVERSITY VALENZUELA CITY,Local,247
LORMA COLLEGES,Local,233
SILLIMAN UNIVERSITY DUMAGUETE CITY,Local,227
SAINT MARY'S UNIVERSITY,Local,219
CAPITOL MEDICAL CENTER COLLEGES,Local,217
NOT SPECIFIED/UNLISTED,Local,214
ST. LOUIS UNIVERSITY BAGUIO CITY,Local,208
ARELLANO UNIVERSITY - MANILA,Local,203
COLEGIO SAN AGUSTIN - BACOLOD,Local,198
NOTRE DAME OF DADIANGAS UNIVERSITY,Local,198
PERPETUAL HELP COLLEGE OF MANILA,Local,197
UNIVERSITY OF PERPETUAL HELP - DR. JOSE G. TAMAYO MEDICAL UNIVERSITY,Local,196
MAKATI MEDICAL CENTER COLLEGE OF NURSING,Local,191
SOUTHWESTERN UNIVERSITY CEBU,Local,191
NOTRE DAME OF MARBEL UNIVERSITY,Local,186
ADAMSON UNIVERSITY,Local,184
OUR LADY OF FATIMA UNIVERSITY - ANTIPOLO,Local,175
SAN BEDA COLLEGE MENDIOLA MANILA,Local,175
NEW ERA UNIVERSITY,Local,171
HOLY NAME UNIVERSITY,Local,159
ST. PAUL UNIVERSITY - MANILA (ST. PAUL UNIVERITY SYSTEM),Local,159
ST. SCHOLASTICA'S COLLEGE,Local,158
UNIVERSITY OF SAN CARLOS CEBU CITY,Local,158
PINES CITY COLLEGES,Local,154
UNIVERSITY OF LA SALETTE,Local,152
SOUTHVILLE INTERNATIONAL SCHOOL AND COLLEGES,Local,151
UNIVERSITY OF ST. LOUIS - TUGUEGARAO,Local,150
CEBU DOCTORS COLLEGE CEBU CITY,Local,148
AQUINAS UNIVERSITY OF LEGAZPI,Local,146
MINDANAO MEDICAL FOUNDATION COLLEGE,Local,143
UNIVERSITY OF THE EAST (C.M. RECTO MANILA),Local,143
UNIVERSITY OF CEBU - BANILAD,Local,140
DE LA SALLE - HEALTH SCIENCES CAMPUS,Local,136
MISAMIS UNIVERSITY - OZAMIS CITY,Local,132
REMEDIOS TRINIDAD ROMUALDEZ MEDICAL FOUNDATION TACLOBAN,Local,130
ST. PAUL UNIVERSITY - QUEZON CITY,Local,129
UNIVERSITY OF SAN AGUSTIN - ILOILO CITY,Local,124
GENERAL SANTOS DOCTORS' MEDICAL SCHOOL FOUNDATION,Local,122
COLEGIO DE SAN JUAN DE LETRAN,Local,121
CHINESE GENERAL HOSPITAL COLLEGE OF NURSING AND LIBERAL ARTS,Local,119
UNIVERSITY OF PANGASINAN,Local,119
SAN JUAN DE DIOS EDUCATIONAL FOUNDATION,Local,117
EMILIO AGUINALDO COLLEGE MANILA,Local,117
DIVINE WORD COLLEGE OF LAOAG,Local,116
ST. PAUL UNIVERSITY - MANILA,Local,109
WESLEYAN UNIVERSITY - PHILIPPINES (CABANATUAN),Local,109
CENTRAL LUZON DOCTORS' HOSPITAL EDUCATIONAL INSTITUTION,Local,108
UNIVERSITY OF BAGUIO BAGUIO CITY,Local,106
HOLY ANGEL UNIVERSITY,Local,105
CAPITOL UNIVERSITY,Local,104
CENTRAL PHILIPPINE UNIVERSITY ILOILO,Local,104
GLOBAL CITY INNOVATIVE COLLEGE,Local,101
FEU - EAST ASIA COLLEGE,Local,101
UNIVERSITY OF ST. LA SALLE BACOLOD CITY,Local,99
ST. JUDE COLLEGE,Local,95
FATHER SATURNINO M. URIOS UNIVERSITY,Local,91
SOUTHWESTERN UNIVERSITY-MATIAS H. AZNAR MEMORIAL COLLEGE OF MEDICINE - CEBU CITY CEBU,Local,89
UNIVERSITY OF SOUTHERN PHILIPPINES FOUNDATION,Local,89
UERM MEMORIAL MEDICAL CENTER,Local,88
CENTRO ESCOLAR UNIVERSITY AT MALOLOS,Local,87
MANILA DOCTORS COLLEGE - PASAY CITY,Local,87
ILIGAN MEDICAL CENTER COLLEGE,Local,86
COLLEGE OF THE HOLY SPIRIT OF MANILA,Local,83
HOLY INFANT COLLEGE,Local,80
REMEDIOS T. ROMUALDEZ MEM. SCH. - MMC,Local,78
EASTER COLLEGE,Local,78
SOUTHEAST ASIAN COLLEGE,Local,78
VIRGEN MILAGROSA UNIV. FOUNDATION - SAN CARLOS CITY PANG.,Local,76
WORLD CITI COLLEGES QUEZON CITY,Local,76
DR. CARLOS S. LANTING COLLEGE,Local,76
THE PHILIPPINE WOMEN'S UNIVERSITY SYSTEM - MANILA,Local,75
CENTRAL PHILIPPINE ADVENTIST COLLEGE,Local,74
METROPOLITAN HOSPITAL COLLEGE OF NURSING,Local,74
BRENT HOSPITAL AND COLLEGES,Local,73
ST. ALEXIUS COLLEGE,Local,71
MANILA ADVENTIST MEDICAL CENTER AND COLLEGES,Local,71
UNIVERSITY OF VISAYAS CEBU,Local,69
UNIVERSITY OF NUEVA CACERES,Local,67
UNIVERSITY OF PERPETUAL HELP DALTA SYSTEM-LAS PIÑAS,Local,67
NOTRE DAME OF JOLO COLLEGE,Local,65
LYCEUM NORTHWESTERN DAGUPAN CITY,Local,64
UNIVERSITY OF THE CORDILLERAS (BCF),Local,63
LA CONSOLACION COLLEGE - MANILA,Local,62
ASSUMPTION COLLEGE,Local,62
DE LA SALLE - LIPA BATANGAS,Local,61
UNIVERSITY OF THE EAST - RAMON MAGSAYSAY MEM. MEDICAL CENTER,Local,60
MANILA DOCTORS COLLEGE U.N. AVENUE MANILA,Local,59
UNIVERSITY OF SAN JOSE - RECOLETOS,Local,58
SACRED HEART COLLEGE OF LUCENA,Local,57
BUTUAN DOCTORS COLLEGE,Local,57
NOTRE DAME UNIVERSITY COTABATO CITY,Local,56
DIPOLOG MEDICAL CENTER COLLEGE FOUNDATION,Local,55
ST. PAUL UNIVERSITY DUMAGUETE,Local,55
OUR LADY OF FATIMA UNIVERSITY - LAGRO QUEZON CITY,Local,53
MIRIAM COLLEGE FOUNDATION INC.,Local,52
BAGUIO CENTRAL UNIVERSITY,Local,52
SAN LORENZO RUIZ COLLEGE OF ORMOC,Local,51
MINDANAO SANITARIUM & HOSPITAL COLLEGE ILIGAN CITY,Local,50
SOUTH SEED - LPDH COLLEGE,Local,50
NAGA COLLEGE FOUNDATION,Local,50
CEBU DOCTOR'S UNIVERSITY COLLEGE OF MEDICINE - MANDAUE CITY CEBU,Local,49
SAN JUAN DE DIOS EDUCATIONAL FOUNDATION INC.,Local,48
DE LA SALLE - COLLEGE OF SAINT BENILDE,Local,47
PILAR COLLEGE,Local,47
MOUNTAIN VIEW COLLEGE BUKIDNON,Local,46
MAPUA INSTITUTE OF TECHNOLOGY - MANILA,Local,46
PHILIPPINE WOMEN'S UNIVERSITY TAFT AVENUE MANILA,Local,46
PHILIPPINE CHRISTIAN UNIVERSITY,Local,45
MEDINA COLLEGE,Local,45
LYCEUM OF THE PHILIPPINES - LAGUNA,Local,45
UNIVERSITY OF PERPETUAL HELP SYSTEM - LAGUNA,Local,44
NOTRE DAME OF DADIANGAS COLLEGE GEN. SANTOS,Local,44
UNIVERSITY OF THE ASSUMPTION,Local,44
UNIVERSITY OF PERPETUAL HELP SYSTEM - BINAN LAGUNA,Local,44
BROKENSHIRE COLLEGE DAVAO CITY,Local,43
UNIVERSITY OF CAGAYAN VALLEY,Local,43
UNIVERSITY OF THE VISAYAS - MANDAUE,Local,42
LA CONSOLACION COLLEGE,Local,41
FILAMER CHRISTIAN UNIVERSITY,Local,41
YAMAN LAHI FOUNDATION - EMILIO AGUINALDO COLLEGE,Local,40
ST. JUDE COLLEGE MANILA,Local,39
LOURDES COLLEGE,Local,39
UNIVERSIDAD DE STA. ISABEL NAGA CITY,Local,39
UNIVERSITY OF BOHOL,Local,37
NEW ERA UNIVERSITY QUEZON CITY,Local,37
NUEVA ECIJA COLLEGES,Local,37
DAVAO MEDICAL SCHOOL FOUNDATION INC.,Local,36
ILIGAN MEDICAL CENTER ILIGAN CITY,Local,36
UNIVERSITY OF LUZON,Local,36
NORTHWESTERN UNIVERSITY,Local,36
PINES CITY COLLEGES - BAGUIO CITY,Local,35
CALAYAN EDUCATIONAL FOUNDATION,Local,35
MEDINA COLLEGE - PAGADIAN,Local,35
ST. PAUL UNIVERSITY - TUGUEGARAO CAGAYAN,Local,34
ARELLANO UNIVERSITY,Local,34
SAINT MARY'S COLLEGE OF TAGUM,Local,34
HOLY TRINITY UNIVERSITY,Local,33
SAN BEDA COLLEGE - ALABANG,Local,33
OUR LADY OF GUADALUPE COLLEGES,Local,33
CAPITOL MEDICAL CENTER COLLEGE Q.C.,Local,32
LYCEUM OF THE PHILIPPINES - ST. CABRINI COLLEGE OF ALLIED MEDICINE,Local,31
UNIVERSITY OF CEBU (FORMERLY CEBU CENTRAL COLLEGES),Local,30
UNIVERSITY OF PERPETUAL HELP SYSTEM DALTA - CALAMBA,Local,30
UNIVERSITY OF ST. LA SALLE - DASMARIÑAS CAVITE,Local,30
ST. JOSEPH'S COLLEGE OF QUEZON CITY,Local,30
LYCEUM OF BATANGAS,Local,30
LYCEUM OF THE PHILIPPINES UNIVERSITY,Local,30
WESLEYAN UNIVERSITY-PHILIPPINES CABANATUAN CITY,Local,29
LA SALLE UNIVERSITY,Local,29
ST. ANTHONY COLLEGE OF ROXAS CITY,Local,29
UNIVERSITY OF ASIA AND THE PACIFIC,Local,28
UNIVERSITY OF LA SALETTE SANTIAGO CITY,Local,28
SURIGAO EDUCATION CENTER,Local,27
PHILIPPINE REHABILITATION INSTITUTE FOUNDATION,Local,27
RIVERSIDE COLLEGE BACOLOD CITY,Local,27
ST. SCHOLASTICA'S COLLEGE - TACLOBAN CITY,Local,26
CEBU INSTITUTE OF TECHNOLOGY - UNIVERSITY,Local,26
ST. DOMINIC COLLEGE OF ARTS AND SCIENCES OF CAVITE,Local,26
PHILIPPINE COLLEGE OF HEALTH SCIENCES,Local,26
MANUEL S. ENVERGA UNIVERSITY FOUNDATION - LUCENA,Local,26
MAPUA INSTITUTE OF TECHNOLOGY,Local,26
UNIVERSITY OF PERPETUAL HELP SYSTEM,Local,25
UNIVERSITY OF THE IMMACULATE CONCEPCION DAVAO CITY,Local,25
WEST NEGROS UNIVERSITY,Local,25
UNION CHRISTIAN COLLEGE,Local,25
UNIVERSITY OF MINDANAO,Local,24
PLT COLLEGE,Local,24
WORLD CITI COLLEGES,Local,24
LORMA COLLEGE SAN FERNANDO LA UNION,Local,24
NATIONAL UNIVERSITY,Local,24
RIVERSIDE COLLEGE OF NURSING BACOLOD,Local,23
UNIVERSITY OF PERPETUAL HELP RIZAL - MOLINO,Local,23
UPH-DR. JOSE G. TAMAYO MEDICAL UNIV.,Local,23
KESTER GRANT COLLEGE - PHILIPPINES,Local,22
ASSUMPTION COLLEGE MAKATI,Local,22
CHINESE GENERAL HOSPITAL COLLEGE OF NURSING & LIBERAL ARTS,Local,22
COLEGIO DE SAN AGUSTIN BACOLOD,Local,22
GOOD SAMARITAN COLLEGES,Local,22
MISAMIS UNIVERSITY,Local,22
ST. MICHAEL'S COLLEGE,Local,22
JOHN PAUL II COLLEGE OF DAVAO,Local,21
MEDICAL COLLEGES OF NORTHERN PHILIPPINES CAGAYAN,Local,21
MANILA THEOLOGICAL COLLEGE,Local,21
DE LOS SANTOS - STI COLLEGE,Local,21
DIVINE WORD COLLEGE OF LEGAZPI,Local,21
CENTRAL LUZON DOCTOR'S HOSPITAL TARLAC,Local,21
AQUINAS UNIVERSITY LEGASPI CITY,Local,21
HOLY NAME UNIVERSITY - TAGBILARAN CITY,Local,21
DE LA SALLE COLLEGE OF SAINT BENILDE - MANILA,Local,20
PHILIPPINE COLLEGE OF HEALTH SCIENCES INC.,Local,20
OUR LADY OF MT. CARMEL INSTITUTE OF MEDICAL STUDIES,Local,20
AGO MEDICAL AND EDUCATIONAL CENTER LEGAZPI CITY,Local,20
COLEGIO DE DAGUPAN,Local,20
BALIUAG UNIVERSITY,Local,20
OLIVAREZ COLLEGE,Local,19
UNIVERSITY OF PERPETUAL HELP COLLEGE OF LAS PINAS,Local,19
UNIVERSITY OF SAN JOSE RECOLETOS CEBU,Local,18
LYCEUM OF THE PHILIPPINES,Local,18
ARELLANO UNIVERSITY - PASIG,Local,18
COLLEGE OF THE HOLY SPIRIT OF TARLAC,Local,18
MAPUA INSTITUTE OF TECHNOLOGY - MAKATI,Local,18
TAGUM DOCTORS COLLEGE,Local,18
COLEGIO DE SAN JUAN DE LETRAN CALAMBA,Local,18
COLEGIO DE STA. LOURDES OF LEYTE FOUNDATION,Local,18
HOLY ANGEL UNIVERSITY ANGELES CITY,Local,18
OUR LADY OF FATIMA UNIVERSITY - PAMPANGA,Local,17
ST. JOSEPH COLLEGE CAVITE CITY,Local,17
ANDRES BONIFACIO COLLEGE,Local,17
UNIVERSITY OF PANGASINAN DAGUPAN CITY,Local,17
LA CONSOLACION UNIVERSITY PHILIPPINES,Local,17
CANOSSA COLLEGE,Local,16
DE OCAMPO MEMORIAL COLLEGE,Local,16
MANILA ADVENTIST MEDICAL CENTER - PASAY CITY,Local,16
SAINT PAUL COLLEGE OF ILOCOS SUR,Local,16
ST. PAUL COLLEGE ILOILO,Local,16
SOUTHEAST ASIAN COLLEGE INC.-QUEZON CITY,Local,16
NORTHERN LUZON ADVENTIST COLLEGE,Local,16
NATIONAL UNIVERSITY - CEDCE,Local,16
IMMACULATE CONCEPTION COLLEGE - ALBAY,Local,16
LIPA CITY COLLEGES,Local,15
LYCEUM OF THE PHILIPPINES - CAVITE,Local,15
UNIVERSITY OF BATANGAS,Local,15
NORTH VALLEY COLLEGE FOUNDATION,Local,15
CARITAS FAMILY HOSPITAL AND COLLEGES,Local,15
ARELLANO UNIVERSITY - PASAY,Local,15
MARY CHILES COLLEGE,Local,15
DR. P. OCAMPO COLLEGES,Local,15
LYCEUM OF ILIGAN FOUNDATION,Local,15
CALAMBA DOCTORS' COLLEGE,Local,14
ST. PAUL UNIVERSITY SURIGAO,Local,14
SAINT TONIS COLLEGE,Local,14
NOTRE DAME OF TACURONG COLLEGE,Local,14
CENTRAL COLLEGES OF THE PHILIPPINES,Local,13
HOLY CROSS OF DAVAO COLLEGE,Local,13
UNIVERSITY OF SAINT ANTHONY,Local,13
COLEGIO DE SAN LORENZO RUIZ DE MANILA OF NORTHERN SAMAR,Local,13
ST. FERDINAND COLLEGE - ILAGAN,Local,13
SAINT GABRIEL COLLEGE,Local,13
NOTRE DAME OF MIDSAYAP COLLEGE,Local,13
DE LA SALLE - ARANETA UNIVERSITY,Local,13
UNIVERSITY OF BOHOL TAGBILARAN CITY,Local,13
WESTERN LEYTE COLLEGE OF ORMOC CITY,Local,13
SACRED HEART COLLEGE LUCENA CITY,Local,13
UNIVERSITY OF PERPETUAL HELP SYSTEM - GMA,Local,13
DOMINICAN COLLEGE,Local,13
UNCIANO COLLEGES,Local,12
UNCIANO COLLEGES AND GENERAL HOSPITAL,Local,12
MEDINA COLLEGE - IPIL,Local,12
PHILIPPINE REHABILITATION INSTITUTE,Local,12
NOTRE DAME OF MARBEL UNIV.,Local,12
AMA COMPUTER COLLEGE,Local,12
COLLEGE OF HOLY SPIRIT-MANILA,Local,12
FIRST ASIA INSTITUTE OF TECHNOLOGY AND HUMANITIES,Local,12
DR. YANGA'S COLLEGES,Local,12
UNIVERSITY OF PERPETUAL HELP - CALAMBA LAGUNA,Local,12
CENTRAL PHILIPPINE ADVENTIST COLLEGE NEGROS OCCIDENTAL,Local,12
LYCEUM OF APARRI,Local,12
SOUTHEAST ASIAN COLLEGE INC.-ESPANA MANILA,Local,12
CORDILLERA CAREER DEVELOPMENT COLLEGE,Local,11
UNIVERSITY OF PERPETUAL HELP - RIZAL,Local,11
NORTHERN CHRISTIAN COLLEGE,Local,11
NOTRE DAME OF JOLO COLLEGE - JOLO SULU,Local,11
DR. CARLOS LANTING COLLEGE - NOVALICHES QUEZON CITY,Local,11
OLIVAREZ COLLEGE SUCAT PARA$AQUE,Local,11
UNIVERSITY OF ILOILO,Local,11
UNIVERSITY OF CORDILLERAS,Local,11
MEDINA COLLEGE OZAMIS MISAMIS ORIENTAL,Local,11
BRENT HOSPITAL AND COLLEGES INC. ZAMBOANGA CITY,Local,11
FOUNDATION UNIVERSITY,Local,11
ST. JOSEPH'S COLLEGE QUEZON CITY,Local,11
KIDAPAWAN DOCTORS COLLEGE INC.,Local,11
LAGUNA COLLEGE,Local,11
MABINI COLLEGES,Local,11
FELLOWSHIP BAPTIST COLLEGE,Local,11
CHRIST THE KING COLLEGE - CALBAYOG CITY,Local,11
VIRGEN MILAGROSA EDUCATIONAL INSTITUTE SAN CARLOS CITY,Local,11
JOSE RIZAL UNIVERSITY,Local,10
MARY HELP OF CHRISTIANS COLLEGE SEMINARY,Local,10
SIENA COLLEGE OF TAYTAY,Local,10
ST. LUKE'S SCHOOL OF MEDICINE INDIA,Local,10
UM TAGUM COLLEGE,Local,10
COLUMBAN COLLEGE - OLONGAPO CITY,Local,10
POLYTECHNIC COLLEGE OF DAVAO DEL SUR,Local,10
BROKENSHIRE COLLEGE SOCSKSARGEN,Local,10
NOTRE DAME OF KIDAPAWAN COLLEGE,Local,10
DOMINICAN COLLEGE BLUM SAN JUAN MM,Local,9
LA SALLE COLLEGE - ANTIPOLO,Local,9
UNIVERSITY OF PERPETUAL HELP DALTA SYSTEM-ALABANG ZAPOTE,Local,9
PATTS COLLEGE OF AERONAUTICS,Local,9
CENTRO ESCOLAR UNIVERSITY-MALOLOS BULACAN,Local,9
SAN SEBASTIAN COLLEGE - RECOLETOS CANLUBANG,Local,9
KALAYAAN COLLEGE,Local,9
SAN SEBASTIAN COLLEGE - RECOLETOS DE CAVITE,Local,9
CHIANG KAI SHEK COLLEGE,Local,9
DELOS SANTOS COLLEGE,Local,9
MINDANAO MEDICAL FOUNDATION COLLEGE DAVAO,Local,9
NOTRE DAME OF MARBEL COLLEGE SOUTH COTABATO,Local,9
MAPANDI MEMORIAL COLLEGE,Local,8
ALDERSGATE COLLEGE,Local,8
PHILIPPINE WOMEN'S COLLEGE OF DAVAO,Local,8
UNIVERSITY OF CEBU - LAPULAPU AND MANDAUE,Local,8
ST. JOSEPH COLLEGE CAVITE,Local,8
FELIPE R. VERALLO MEMORIAL FOUNDATION - BOGO,Local,8
ENDERUN COLLEGE,Local,8
LA CONSOLACION COLLEGE - DAET,Local,8
COLLEGE OF ST. JOHN - ROXAS,Local,8
UNIVERSITY OF THE ASSUMPTION PAMPANGA,Local,8
UNIVERSITY OF LUZON ( DAGUPAN CITY ),Local,7
CONCORDIA COLLEGE,Local,7
NORTHEASTERN COLLEGE,Local,7
COLLEGE OF THE IMMACULATE CONCEPTION,Local,7
COTABATO MEDICAL FOUNDATION COLLEGE,Local,7
DAVAO CENTRAL COLLEGE,Local,7
WEST NEGROS COLLEGE BACOLOD,Local,7
OLIVAREZ COLLEGE - TAGAYTAY,Local,7
PANPACIFIC UNIVERSITY NORTH PHILIPPINES - URDANETA CITY,Local,7
MALASIQUI AGNO VALLEY COLLEGE - MALASIQUI PANGASINAN,Local,7
DR. JOSE FABELLA MEMORIAL HOSPITAL SCHOOL OF MIDWIFERY,Local,7
BICOL COLLEGE,Local,7
UNIVERSITY OF IMMACULATE CONCEPTION-DAVAO CITY,Local,7
SAINT MARY'S COLLEGE OF SAN JUAN,Local,7
SAINT LOUIS COLLEGE,Local,7
SAINT LOUIS COLLEGE - CITY OF SAN FERNANDO,Local,7
THE COLLEGE OF MAASIN,Local,7
SAFFRULLAH M. DIPATUAN FOUNDATION ACADEMY,Local,7
KESTER GRANT COLLEGE PHILS. INC.,Local,7
SAN SEBASTIAN COLLEGE,Local,7
HOLY TRINITY COLLEGE PUERTO PRINCESA,Local,7
INTERNATIONAL COLLEGES OF ASIA - TAMBAC PANGASINAN,Local,7
ST. ANTHONY COLLEGE OF ROXAS CITY CAPIZ,Local,6
ST. BERNADETTE OF LOURDES COLLEGE,Local,6
AGO MEDICAL EDUCATIONAL FOUNDATION LEGASPI CITY,Local,6
ARRIESGADO COLLEGE FOUNDATION,Local,6
UNIVERSITY OF THE IMMACULATE CONCEPTION COLLEGE DAVAO,Local,6
ST. MARY'S UNIVERSITY NUEVA VIZCAYA,Local,6
SOUTHERN LUZON POLYTECHNIC COLLEGE - LUCBAN QUEZON,Local,6
COLEGIO DE SAN LORENZO,Local,6
MAHARDIKA INSTITUTE OF TECHNOLOGY,Local,6
SAN ISIDRO COLLEGE,Local,6
LYCEUM NORTHWESTERN - FLORENCIA T. DUQUE COLLEGE,Local,6
COLEGIO DE KIDAPAWAN,Local,6
COR JESU COLLEGE,Local,6
NOVAGEN COLLEGE OF QUEZON CITY,Local,6
ST. JOSEPH COLLEGE AMAYA,Local,6
ASIA-PACIFIC INTERNATIONAL UNIVERSITY,Local,6
AMA COMPUTER COLLEGE - TUGUEGARAO CITY,Local,6
OUR LADY OF FATIMA NOVALICHES,Local,6
THE NATIONAL TEACHERS COLLEGE,Local,6
ANGELES SYSTEMS PLUS COMPUTER COLLEGE,Local,6
OUR LADY OF THE PILLAR COLLEGE - CAUAYAN,Local,6
FL VARGAS COLLEGE - TUGUEGARAO,Local,5
CENTRAL COLLEGE OF PANGASINAN - SAN CARLOS CITY PANGASINAN,Local,5
UNIV. OF ASIA AND THE PACIFIC - PASIG CITY,Local,5
CAGAYAN DE ORO COLLEGE,Local,5
AMA SCHOOL OF MEDICINE - EAST RIZAL,Local,5
PALAWAN POLYTECHNIC COLLEGE,Local,5
DR. DOMINGO B. TAMONDONG MEMORIAL SCHOOL,Local,5
NEW SINAI SCHOOL AND COLLEGES STA. ROSA,Local,5
TRACE COLLEGE,Local,5
AKLAN POLYTECHNIC COLLEGE,Local,5
SIENA COLLEGE-TAYTAY,Local,5
ASIAN COLLEGE OF SCIENCE AND TECHNOLOGY - CUBAO,Local,5
COLEGIO DE SAN JUAN DE LETRAN MANILA,Local,5
SAINT MICHAEL'S COLLEGE OF LAGUNA,Local,5
LIPA CITY COLLEGES BATANGAS,Local,5
LUNA GOCO COLLEGES,Local,5
FEU - FERN COLLEGE,Local,5
ASSUMPTION COLLEGE OF NABUNTURAN,Local,4
ABADA COLLEGE,Local,4
UV-GULLAS COLLEGE OF MEDICINE - MANDAUE CITY CEBU,Local,4
ST. DOMINIC SAVIO COLLEGE,Local,4
HOLY ROSARY MINOR SEMINARY,Local,4
ST. PETER'S COLLEGE,Local,4
FILAMER CHRISTIAN COLLEGE ROXAS CITY,Local,4
ATENEO DE CAGAYAN UNIVERSITY,Local,4
ARAULLO UNIVERSITY,Local,4
LA UNION COLLEGE OF NURSING ARTS AND SCIENCES,Local,4
SAN PABLO MAJOR SEMINARY,Local,4
J.P. SIOSON GENERAL HOSPITAL AND COLLEGES,Local,4
ST. RITA HOSPITAL COLLEGE OF NURSING AND SCHOOL OF MIDWIFERY,Local,4
MATI DOCTORS COLLEGE,Local,4
SAINT FERDINAND COLLEGE,Local,4
SAINT PAUL COLLEGE FOUNDATION,Local,4
SAINT PAUL UNIVERSITY PHILIPPINES - TUGUEGARAO CITY (CAPITAL) CAGAYAN,Local,4
SULTAN KUDARAT EDUCATIONAL INSTITUTION,Local,4
STI EDUCATION SERVICES GROUP - GLOBAL CITY,Local,4
UNIVERSITY OF NORTHEASTERN PHILIPPINES,Local,4
FAMILY CLINIC INC. COLLEGES MANILA,Local,4
UNIVERSITY OF NUEVA CACERES NAGA CITY,Local,4
LYCEUM OF NORTHERN LUZON,Local,4
ECUMENICAL CHRISTIAN COLLEGE,Local,4
STI COLLEGE - ZAMBOANGA,Local,4
THE PHILIPPINE WOMEN'S UNIVERSITY SYSTEM - QUEZON CITY,Local,4
SAINT MARY'S COLLEGE OF BALIUAG,Local,4
UNIVERSITY OF ILOILO ILOILO,Local,4
SAINT JOSEPH INSTITUTE OF TECHNOLOGY,Local,4
NATIONAL UNIVERSITY SAMPALOC MANILA,Local,4
NAZARENUS COLLEGE FOUNDATION,Local,4
METROPOLITAN HOSPITAL COLLEGE,Local,4
MINA DE ORO INSTITUTE OF SCIENCE AND TECHNOLOGY,Local,4
DIPOLOG MEDICAL CENTER,Local,4
PHILIPPINE COLLEGE OF SCIENCE AND TECHNOLOGY,Local,4
DE OCAMPO MEMORIAL COLLEGE STA. MESA MANILA,Local,4
CONCORDIA COLLEGE PACO MANILA,Local,4
UNIVERSITY OF CEBU,Local,4
BALIUAG COLLEGES BALIUAG BULACAN,Local,4
DIVINE WORD COLLEGE OF BANGUED,Local,4
UNCIANO COLLEGE STA. MESA MANILA,Local,4
PASIG CATHOLIC COLLEGE,Local,4
PAMANTASAN NG ARAULLO,Local,4
ASBURY COLLEGE - ANDA PANGASINAN,Local,4
GREAT PLEBIAN COLLEGE - CITY OF ALAMINOS PANGASINAN,Local,4
UNIVERSITY OF THE EAST - CALOOCAN,Local,3
ASIAN COLLEGE OF SCIENCE AND TECHNOLOGY,Local,3
GENSANTOS FOUNDATION COLLEGE,Local,3
OSIAS EDUCATIONAL FOUNDATION - BALAOAN LA UNION,Local,3
UNIVERSITY OF MINDANAO DAVAO,Local,3
NAGA COLLEGE NAGA CITY,Local,3
MT. CARMEL COLLEGE OF BOCAUE BULACAN,Local,3
NORTHWESTERN UNIVERSITY LAOAG CITY,Local,3
NORTH CENTRAL MINDANAO COLLEGES,Local,3
NATIONAL FIRST GRADE COLLEGE,Local,3
NOTRE DAME HOSPITAL AND SCHOOL OF MIDWIFERY,Local,3
UNIVERSAL COLLEGES OF PARAÑAQUE,Local,3
UNITED SCHOOL OF SCIENCE AND TECHNOLOGY COLLEGES - CITY OF TARLAC (CAPITAL) TARLAC,Local,3
JOHN B. LACSON COLLEGES FOUNDATION - BACOLOD,Local,3
LUNA COLLEGES - TAYUG PANGASINAN,Local,3
COLEGIO DE SAN LORENZO - Q.C.,Local,3
CENTRAL LUZON COLLEGE OF TECHNOLOGY - OLONGAPO,Local,3
INFORMATION AND COMMUNICATIONS TECHNOLOGY ACADEMY,Local,3
ST. PAUL COLLEGE DUMAGUETE CITY,Local,3
UNIVERSITY OF REGINA CARMELI MALOLOS BULACAN,Local,3
FOUNDATION UNIVERSITY DUMAGUETE CITY,Local,3
ST. GABRIEL COLLEGE - KALIBO AKLAN,Local,3
TOMAS DEL ROSARIO COLLEGE,Local,3
MINDANAO AUTONOMOUS COLLEGE FOUNDATION,Local,3
DIVINE WORD COLLEGE OF SAN JOSE,Local,3
DMMA COLLEGE OF SOUTHERN PHILIPPINES,Local,3
DMMC INSTITUTE OF HEALTH SCIENCES,Local,3
SAINT MARY'S COLLEGE,Local,3
TOMAS CLAUDIO MEMORIAL COLLEGE,Local,3
MARTINEZ MEMORIAL COLLEGE - KALOOKAN CITY THIRD DISTRICT,Local,3
SAINT SCHOLASTICA'S COLLEGE TACLOBAN CITY,Local,3
MENDERO COLLEGE,Local,3
FAR EASTERN COLLEGE - SILANG,Local,3
ELISA R. OCHOA MEMORIAL NORTHERN MINDANAO SCHOOL OF MIDWIFERY,Local,3
UNIVERSITY OF PERPETUAL HELP - GMA,Local,3
UNIVERSITY OF PANGASINAN DAGUPAN CITY(DAGUPAN COLLEGES),Local,3
MARY JOHNSTON COLLEGE - TONDO I / II CITY OF MANILA FIRST DISTRICT,Local,3
ESCUELA DE NUESTRA SRA. DE LA SALETTE - DAGUPAN CITY PANGASINAN,Local,3
MESSIAH COLLEGE FOUNDATION,Local,3
DR. YANGAS FRANCISCO BALAGTAS BULACAN,Local,3
ST.ANN'S COLLEGE OF NURSING,Local,3
STI COLLEGE - STA. MARIA,Local,3
STI EDUCATION SERVICES GROUP,Local,3
MANUEL S. ENVERGA UNIVERSITY FOUNDATION - CANDELARIA,Local,3
UNIVERSITY OF NOTRE DAME,Local,3
COLEGIO DE STA. CATALINA DE ALEJANDRIA,Local,3
DR. P. OCAMPO COLLEGE INC. COTABATO CITY,Local,3
COLEGIO DE SANTA MONICA - MANILA,Local,3
LAS PINAS COLLEGE LAS PINAS METRO MANILA,Local,3
ST. PETER'S COLLEGE - NEW JERSEY USA,Local,3
IPSP/EPS,Local,3
ASIAN DEVELOPMENT FOUNDATION COLLEGE,Local,3
SANCTA MARIA MATER ET REGINA SEMINARIUM,Local,3
FEATI UNIVERSITY,Local,3
ABE INTERNATIONAL COLLEGE OF BUSINESS AND ACCOUNTANCY - CEBU CITY CEBU,Local,3
AGO MEDICAL FOUNDATION NAGA CITY,Local,3
ST. MARY'S COLLEGE,Local,3
ICCT COLLEGES,Local,3
FATIMA MEDICAL SCIENCE FOUNDATION INC.-VALENZUELA,Local,3
ASIA PACIFIC COLLEGE OF ADVANCED STUDIES,Local,2
ASIA PACIFIC COLLEGE,Local,2
PHILIPPINE ADVENT COLLEGE,Local,2
PHILIPPINE COLLEGE OF CRIMINOLOGY,Local,2
DE LA SALLE - CANLUBANG (LEANDRO V. LOCSIN),Local,2
AMA COMPUTER UNIVERSITY,Local,2
GEORGE DEWEY MEDICAL COLLEGE,Local,2
ST. JOSEPH COLLEGE MAASIN SOUTHERN LEYTE,Local,2
ASIA PACIFIC COLLEGE MAKATI CITY,Local,2
PINES CITY EDUCATIONAL CENTER BAGUIO CITY,Local,2
MINDANAO KOKOSAI DAIGAKU,Local,2
BLESSED MOTHER COLLEGE,Local,2
NEW ENGLAND COLLEGE,Local,2
BAPTIST BIBLE SEMINARY AND INSTITUTE,Local,2
UNIVERSITY OF BATANGAS BATANGAS CITY,Local,2
BAGUIO COLLEGES FOUNDATION BAGUIO CITY,Local,2
PERPETUAL HELP COLLEGE OF PANGASINAN-MALASIQUE PANGASINAN,Local,2
CANOSSA COLLEGE-SAN PABLO LAGUNA,Local,2
MARTINEZ MEMORIAL COLLEGE CALOOCAN,Local,2
MATER DEI COLLEGE - BOHOL,Local,2
MASBATE COLLEGES,Local,2
MARY CHILES COLLEGE MANILA,Local,2
SAINT THERESA COLLEGE OF TANDAG,Local,2
SAINT COLUMBAN COLLEGE,Local,2
SAINT PAUL'S BUSINESS SCHOOL,Local,2
MINDANAO INSTITUTE OF HEALTHCARE PROFESSIONALS INC.,Local,2
MARITIME ACADEMY OF ASIA AND THE PACIFIC,Local,2
SAINT FRANCIS OF ASSISI COLLEGE,Local,2
SAINT MARY'S UNIVERSITY - BAYOMBONG NUEVA VIZCAYA,Local,2
MAPANDI MEMORIAL MEDICAL & EDUCATIONAL CENTER MARAWI,Local,2
MARIE - BERNARDE COLLEGE,Local,2
DIVINE WORD UNIVERSITY TACLOBAN CITY,Local,2
DIVINE WORD MISSION SEMINARY,Local,2
DIVINE WORD COLLEGE OF VIGAN - CITY OF VIGAN (CAPITAL) ILOCOS SUR,Local,2
TANCHULING COLLEGE,Local,2
TECHNOLOGICAL INSTITUTE OF THE PHILIPPINES - QUEZON CITY,Local,2
PHILIPPINE WOMEN'S UNIVERSITY-CDCEC - STA. CRUZ - STA. CRUZ LAGUNA,Local,2
DAGUPAN COLLEGES FOUNDATION - DAGUPAN CITY PANGASINAN,Local,2
COLLEGE OF NURSING,Local,2
UNCIANO COLLEGE OF ANTIPOLO - CIRCUMFERENTIAL ROAD,Local,2
OUR LADY OF LOURDES COLLEGE CAMARINES NORTE,Local,2
OTHERS (PLEASE SPECIFY),Local,2
DR. GLORIA D. LACSON FOUNDATION COLLEGES - NUEVA ECIJA,Local,2
METRO SUBIC COLLEGES,Local,2
DOMINICAN COLLEGE - STA. ROSA,Local,2
ROGATIONIST SEMINARY COLLEGE,Local,2
TRACE COLLEGE-LOS BAÑOS LAGUNA,Local,2
SALAZAR COLLEGES OF SCIENCE AND INSTITUTE OF TECHNOLOGY,Local,2
SAINTS JOHN AND PAUL COLLEGES,Local,2
ST. THERESA'S COLLEGE CEBU,Local,2
INTERNATIONAL SCHOOL OF ASIA AND THE PACIFIC - TABUK BRANCH,Local,2
J.P. SIOSON COLLEGES,Local,2
SCOTT CHRISTIAN COLLEGE,Local,2
SAN SEBASTIAN COLLEGE - RECOLETOS,Local,2
SOUTH WESTERN UNIVERSITY,Local,2
FELIPE VERALLO COLLEGE CEBU,Local,2
LANAO SCHOOL OF SCIENCE AND TECHNOLOGY,Local,2
CHIANG KAI SHEK COLLEGE TONDO MANILA,Local,2
LAS PIÑAS COLLEGE,Local,2
SAINT VINCENT'S COLLEGE DIPOLOG CITY,Local,2
STI COLLEGES OF MINDANAO,Local,2
STI COLLEGE - QUEZON AVENUE,Local,2
ST. MICHAEL'S COLLEGE OF LAGUNA,Local,2
JOSE C. FELICIANO COLLEGE,Local,2
IMMACULATE CONCEPTION COLLEGE OZAMIS CITY,Local,2
INFORMATICS COLLEGE - EASTWOOD,Local,2
FATIMA UNIVERSITY (MARULAS VALENZUELA),Local,2
FEBIAS COLLEGE OF BIBLE,Local,2
CICOSAT COLLEGES,Local,2
CHRISTIAN COLLEGES OF SOUTHEAST ASIA,Local,2
LA CONSOLACION COLLEGE - BACOLOD,Local,2
JOSE MARIA COLLEGE,Local,2
FIRST CITY PROVIDENTIAL COLLEGE,Local,2
JAMIATU MARAWI AL - ISLAMIA FOUNDATION,Local,2
CHRIST THE KING MISSION SEMINARY Q.C.,Local,2
HOLY CHILD COLLEGES OF BUTUAN CITY,Local,2
WORLD CITI COLLEGES - ANTIPOLO,Local,2
XAVIER UNIVERSITY (ATENEO DE CAGAYAN) - CAGAYAN DE ORO CITY MISAMIS ORIENTAL,Local,2
ST. MARY'S COLLEGE OF CALIFORNIA USA,Local,2
CEBU SACRED HEART COLLEGE TALISAY CEBU,Local,2
SPA COLLEGE - DATU PIANG MAGUINDANAO,Local,2
ABRA VALLEY COLLEGES,Local,2
ACLC COLLEGE OF BUKIDNON,Local,1
AGO FOUNDATION COLLEGE - NAGA CITY CAMARINES SUR,Local,1
AGO MEDICAL AND EDUCATIONAL CENTER-BICOL CHRISTIAN COLLEGE OF MEDICINE - LEGAZPI CITY ALBAY,Local,1
AIR LINK INTERNATIONAL AVIATION COLLEGE,Local,1
WEST BAY COLLEGE - CITY OF MUNTINLUPA FOURTH DISTRICT,Local,1
WESTERN INSTITUTE OF TECHNOLOGY,Local,1
WESTERN INSTITUTE OF TECHNOLOGY LA PAZ ILOILO,Local,1
WESTERN MINDANAO COOPERATIVE COLLEGE - ZAMBOANGA CITY ZAMBOANGA DEL SUR,Local,1
AMA COMPUTER COLLEGE - DASMARIÑAS,Local,1
AMA COMPUTER COLLEGE - STA. MESA,Local,1
AMA COMPUTER COLLEGE - STA.CRUZ,Local,1
AMA COMPUTER COLLEGE - ZAMBOANGA CITY,Local,1
AMA UNIVERSITY,Local,1
AMANDO COPE COLLEGE,Local,1
UNIVERSITY OF THE VISAYAS - GULLAS COLLEGE MINGLANILLA BRANCH,Local,1
URIOS COLLEGE,Local,1
ACCESS COMPUTER AND TECHNICAL COLLEGES - MANILA,Local,1
ST. JOSEPH'S COLLEGE OF RODRIGUEZ,Local,1
ST. LUKE SCHOOL OF MEDICINE,Local,1
ST. MARY'S COLLEGE OF BORONGAN,Local,1
CEBU INSTITUTE OF MEDICINE - CEBU CITY CEBU,Local,1
CEBU SACRED HEART COLLEGE,Local,1
ST. ANNE COLLEGE LUCENA INC.-GULANG-GULANG LUCENA CITY,Local,1
ST. ANTHONY COLLEGE OF CALAPAN CITY,Local,1
ST. AUGUSTINE SCHOOL OF NURSING,Local,1
ST. BENEDICT COLLEGE,Local,1
ST. COLUMBIAN COLLEGE PAGADIAN CITY,Local,1
ST. DOMINIC COLLEGE OF ASIA,Local,1
ST. FRANCIS COLLEGE,Local,1
ST. JAMES COLLEGE OF QUEZON CITY - QUEZON CITY SECOND DISTRICT,Local,1
ST. JOHN & PAUL COLLEGES LAGUNA,Local,1
ST. JOSEPH COLLEGE - TANZA CAVITE,Local,1
CHRIST THE KING COLLEGE - GINGOOG CITY,Local,1
SOUTHERN BICOL COLLEGES MASBATE,Local,1
SOUTHERN CHRISTIAN COLLEGE,Local,1
SOUTHERN MINDANAO COLLEGES,Local,1
SOUTHERN PHILIPPINES AGRICULTURE BUSINESS MARINE AND AQUATIC SCHOOL OF TECHNOLOGY - DIGOS,Local,1
SOUTHWAY COLLEGE OF TECHNOLOGY,Local,1
SOUTHWESTERN MINDANAO ISLAMIC INSTITUTE,Local,1
CENTRAL METHODIST UNIVERSITY,Local,1
ST. MARY'S UNIVERSITY,Local,1
ST. PETER COLLEGE SEMINARY AGUSAN DEL SUR,Local,1
ST. RITA HOSPITAL COLL. OF NURSING TONDO MANILA,Local,1
SCHOLA DE SAN JOSE,Local,1
SEA AND SKY COLLEGE - PAGDARAOAN LA UNION,Local,1
SOUTH WESTERN,Local,1
COLEGIO DE SAN LORENZO RUIZ DE MANILA,Local,1
COLEGIO DE SAN SEBASTIAN,Local,1
COLEGIO DE STA. LOURDES OF LEYTE FOUNDATION INC. - TABONTABON LEYTE,Local,1
SAN CARLOS COLLEGE - SAN CARLOS CITY PANGASINAN,Local,1
SAN CARLOS SEMINARY,Local,1
SAN CARLOS SEMINARY COLLEGE,Local,1
ST. VINCENT FERMER SEMINARY,Local,1
ST.ANN'S DEGREE COLLEGE FOR WOMENS,Local,1
ST.JOANS COLLEGE OF VOCATIONAL STUDIES,Local,1
ST.MARYS COLLEGE,Local,1
STI COLLEGE - LEGAZPI CITY,Local,1
STI ECOLLEGE SOUTHWOODS,Local,1
TABACO COLLEGE,Local,1
SAINT THERESA COLLEGE INC. SURIGAO DEL SUR,Local,1
SAINT THERESA'S COLLEGE OF CEBU,Local,1
COLEGIO DE SAN FRANCISCO JAVIER - RIZAL ZAMBOANGA DEL NORTE,Local,1
COLEGIO DE SAN GABRIEL ARCANGEL,Local,1
SAINT ANNE COLLEGE OF LUCENA,Local,1
SAINT COLUMBAN'S COLLEGE - LINGAYEN PANGASINAN,Local,1
SAINT JOHN COLLEGES,Local,1
SAINT JOSEPH COLLEGE - CAVITE CITY CAVITE,Local,1
SAINT JOSEPH INSTITUTE OF TECHNOLOGY BUTUAN CITY,Local,1
TARLAC COLLEGE OF AGRICULTURE,Local,1
TECHNOLOGICAL INSTITUTE OF THE PHILIPPINES - MANILA,Local,1
THE ADELPHI COLLEGE - LINGAYEN PANGASINAN,Local,1
THE DOCTOR'S CLINIC AND HOSPITAL SCHOOL FOUNDATION INC.,Local,1
THE PHILIPPINE WOMEN'S UNIVERSITY,Local,1
TRACE COLLEGE - CITY OF MAKATI FOURTH DISTRICT,Local,1
COMPUTER TECHNOLOGIES INSTITUTE OF ZAMBOANGA CITY,Local,1
CONGRESS COLLEGE - AGOO LA UNION,Local,1
CONSOLATRIX COLLEGE OF TOLEDO CITY,Local,1
POLYTECHNIC COLLEGE OF LA UNION - AGOO LA UNION,Local,1
REMEDIOS TRINIDAD ROMUALDEZ SCHOOL TACLOBAN,Local,1
RIZAL MEMORIAL COLLEGES - DAVAO CITY DAVAO DEL SUR,Local,1
RTRMS MAKATI MEDICAL CENTER MAKATI,Local,1
PHILIPPINE CULTURAL COLLEGE,Local,1
PHILIPPINE LAW SCHOOL,Local,1
COLLEGE OF ALLIED MEDICAL SCIENCES,Local,1
COLLEGE OF BASIC SCIENCE & HUMANITIES,Local,1
COLLEGE OF IMMACULATE CONCEPTION CABANATUAN,Local,1
UNION UNIVERSITY,Local,1
UNITED DOCTORS MEDICAL CENTER,Local,1
C.P.U.,Local,1
CAGAYAN CAPITOL COLLEGE CAGAYAN DE ORO,Local,1
CALAYAN EDUCATIONAL FOUNDATION INC. LUCENA CITY,Local,1
CALI PARAMEDICAL COLLEGE FOUNDATION - MARAWI CITY LANAO DEL SUR,Local,1
PACASUM COLLEGE,Local,1
PALARIS COLLEGE - SAN CARLOS CITY PANGASINAN,Local,1
PANGASINAN COLLEGES OF SCIENCE AND TECHNOLOGY,Local,1
PANGASINAN MEMORIAL COLLEGE - LINGAYEN PANGASINAN,Local,1
PANGASINAN MERCHANT MARINE ACADEMY - DAGUPAN CITY PANGASINAN,Local,1
PASTOR BONUS SEMINARY,Local,1
PHIL SCHL OF BUSINESS ADMN (PSBA)-R.PAPA ST. SAMPALOC,Local,1
DE LA SALLE - CANLUBANG,Local,1
OUR LADY OF LOURDES COLLEGE FOUNDATION,Local,1
OUR LADY OF MERCY COLLEGE - BORONGAN EASTERN SAMAR,Local,1
OUR LADY OF PENAFRANCIA SORSOGON,Local,1
OUR LADY OF THE ANGELS SEMINARY,Local,1
CAP COLLEGE FOUNDATION,Local,1
CEBU AERONAUTICAL TECHNICAL SCHOOL,Local,1
UNIVERSIDAD DE SANTA ISABEL - NAGA CITY CAMARINES SUR,Local,1
BACCARRA MEDICAL CENTER SCHOOL OF MIDWIFERY - BACARRA ILOCOS NORTE,Local,1
NOTRE DAME OF KIDAPAWAN COLLEGES,Local,1
COTABATO FOUNDATION COLLEGE OF SCIENCE AND TECHNOLOGY - ARAKAN NORTH COTABATO,Local,1
DATA CENTER COLLEGE OF THE PHILIPPINES OF LAOAG CITY - LAOAG CITY (CAPITAL) ILOCOS NORTE,Local,1
NJ VALDEZ COLLEGES FOUNDATION - VILLASIS PANGASINAN,Local,1
NORTH DAVAO COLLEGE (NDC) TAGUM FOUNDATION DAVAO,Local,1
NORTH DAVAO COLLEGE - TAGUM FOUNDATION,Local,1
NORTH NEGROS COLLEGE - CADIZ CITY NEGROS OCCIDENTAL,Local,1
NORTHERN CHRISTIAN COLLEGE LAOAG CITY,Local,1
NORTHERN PHILIPPINES COLLEGE FOR MARITIME SCIENCE AND TECHNOLOGY,Local,1
NATIONAL COLLEGE OF BUSINESS AND ARTS - FAIRVIEW,Local,1
NATIONAL COLLEGE OF BUSINESS AND ARTS - TAYTAY RIZAL,Local,1
MINA DE ORO INSTITUTE OF SCIENCE & TECH. - ORIENTAL MINDORO,Local,1
MOUNT CARMEL COLLEGE - BALER,Local,1
BENEDICTO COLLEGE,Local,1
BRENT HOSPITAL AND COLLEGES INCORPORATED - ZAMBOANGA CITY ZAMBOANGA DEL SUR,Local,1
BSBT COLLEGE - BAGUIO CITY BENGUET,Local,1
UNIVERSITY OF MANILA,Local,1
MATI POLYTECHNIC COLLEGE,Local,1
MERIDIAN INTERNATIONAL COLLEGE,Local,1
DIVINE WORD COLLEGE OF URDANETA - BAYAOAS PANGASINAN,Local,1
DIVINE WORD COLLEGE-LAOAG CITY,Local,1
DIVINE WORD SEMINARY,Local,1
MANUEL V. GALLEGO FOUNDATION COLLEGES,Local,1
MARINERS' POLYTECHNIC COLLEGES - NAGA CITY CAMARINES SUR,Local,1
MARY HELP OF CHRISTIANS COLLEGE SEMINARY PANGASINAN,Local,1
ENTREPRENEURS SCHOOL OF ASIA - QUEZON CITY SECOND DISTRICT,Local,1
MABALACAT COLLEGE,Local,1
MALAYAN COLLEGES LAGUNA,Local,1
MANILA SANITARIUM HOSPITAL & SCHOOL OF MEDICAL ARTS,Local,1
MANUEL L. QUEZON UNIVERSITY QUIAPO MANILA,Local,1
ASIAN COLLEGE OF SCIENCE AND TECHNOLOGY - DUMAGUETE,Local,1
ASIAN INSTITUTE FOR DISTANCE EDUCATION,Local,1
LUNA GOCO,Local,1
LYCEUM OF SUBIC BAY,Local,1
DR. V. ORESTES ROMUALDEZ EDUCATIONAL FOUNDATION,Local,1
LA CONSOLACION COLLEGE - PASIG,Local,1
LA SALLE AFFILIATE COLLEGE ROXAS CITY,Local,1
LAGUNA NORTHWESTERN COLLEGE,Local,1
LARMEN DE GUIA MEMORIAL COLLEGE,Local,1
JESUS THE LOVING SHEPHERD CHRISTIAN COLLEGE,Local,1
JOINT DEGREE ENGLISH PROGRAM,Local,1
FAR EASTERN UNIVERSITY - MAKATI,Local,1
FATHER SATURNINO URIOS UNIVERSITY - BUTUAN CITY AGUSAN DEL NORTE,Local,1
FATIMA MEDICAL SCIENCE FOUNDATION INC. - LAGRO Q.C.,Local,1
ASIAN INSTITUTE OF MANAGEMENT - CITY OF MAKATI FOURTH DISTRICT,Local,1
ASIAN SEMINARY OF CHRISTIAN MINISTRIES,Local,1
ATENEO GRADUATE SCHOOL OF BUSINESS - CITY OF MAKATI FOURTH DISTRICT,Local,1
UNIVERSITY OF SAN AGUSTIN - ILOILO CITY ILOILO,Local,1
UNIVERSITY OF SOUTHERN PHILIPPINES DAVAO,Local,1
GUAGUA NATIONAL COLLEGES,Local,1
HARDAM FURIGAY COLLEGES FOUNDATION,Local,1
HOLY CHILD SCHOOL OF DAVAO,Local,1
HOLY CROSS COLLEGE OF CALINAN,Local,1
HUA SIONG COLLEGE OF ILOILO,Local,1
IETI COLLEGE OF SCIENCE AND TECHNOLOGY - MARIKINA,Local,1
ILOILO DOCTORS' COLLEGE OF MEDICINE - ILOILO CITY ILOILO,Local,1
IMMACULATE CONCEPTION ARCHDIOCESAN SCHOOL,Local,1
ZAMBOANGA AGRICULTURAL ENGINEERING COLLEGE,Local,1
FLIGHT SCHOOL INTERNATIONAL,Local,1
GINGOOG CITY JUNIOR COLLEGE,Local,1
GOOD SAMARITAN COLLEGE CABANATUAN CITY,Local,1
ARRIESGADO COLLEGE FOUNDATION. INC. TAGUM CITY,Local,1
ASIAN COLLEGE FOUNDATION,Local,1
UNIVERSITY OF ST. ANTHONY IRIGA CITY,Local,1
UNIVERSITY OF THE CORDILLERAS - BAGUIO CITY BENGUET,Local,1
ABE INTERNATIONAL COLLEGE OF BUSINESS AND ECONOMICS - LEGARDA,Local,1
WESLEYAN COLLEGE OF MANILA - PASAY CITY FOURTH DISTRICT,Local,1
